Tahun,Provinsi,Jumlah Penduduk (ribu),Laju Pertumbuhan Penduduk per Tahun,Persentase Penduduk,Kepadatan Penduduk per km persegi (km2),Persentase Laki-laki,Persentase Perempuan,Persentase Tenaga Kerja Formal,Persentase Tenaga Kerja Informal,APS 7-12(SD),APS 13-15(SMP),APS 16-18(SMA),APS 19-24(D3/D4/S1),Laju Pertumbuhan PDB Atas Dasar Harga Konstan 2010,PDB per Kapita Atas Dasar Harga Berlaku (ribu rupiah),Tingkat Pengangguran Terbuka,Provinsi_encoded
2016,Aceh,5096.2,2.01,1.97,88,49.94994995,50.05005005,42.83,57.17,99.82,97.89,81.82,33.94,3.29,26852.0,7.57,0
2016,Bali,4200.1,1.21,1.62,727,50.34756703,49.65243297,45.68,54.32,99.35,97.55,81.98,25.36,6.33,46211.0,1.89,1
2016,Banten,12203.1,2.23,4.72,1263,50.98039216,49.01960784,61.51,38.49,99.43,95.59,67.0,20.74,5.28,42440.0,8.92,2
2016,Bengkulu,1904.8,1.69,0.74,96,50.98039216,49.01960784,34.08,65.92,99.7,96.96,78.37,28.93,5.28,29076.0,3.3,3
2016,DI Yogyakarta,3720.9,1.18,1.44,1188,49.44388271,50.55611729,45.09,54.91,99.84,99.62,87.2,49.95,5.05,29553.0,2.72,4
2016,DKI Jakarta,10277.6,1.07,3.97,15478,50.19920319,49.80079681,68.71,31.29,99.61,97.47,70.83,23.06,5.87,210075.0,6.12,5
2016,Gorontalo,1150.8,1.62,0.44,102,50.0998004,49.9001996,39.69,60.31,98.71,91.01,69.12,28.98,6.52,27545.0,2.76,6
2016,Indonesia,258705.0,1.36,100.0,135,50.24875622,49.75124378,42.4,57.6,99.09,94.88,70.83,23.93,5.03,54703.2,5.61,7
2016,Jambi,3458.9,1.8,1.34,69,51.02840353,48.97159647,37.91,62.09,99.57,95.35,71.2,23.86,4.37,49495.0,4.0,8
2016,Jawa Barat,47379.4,1.54,18.31,1339,50.69033531,49.30966469,51.36,48.64,99.54,93.41,65.82,20.37,5.66,34894.0,8.89,9
2016,Jawa Tengah,34019.1,0.79,13.15,1037,49.59677419,50.40322581,37.83,62.17,99.58,95.41,67.95,21.59,5.25,31962.0,4.63,10
2016,Jawa Timur,39075.3,0.66,15.1,817,49.36708861,50.63291139,37.88,62.12,99.46,96.69,70.54,22.67,5.57,47492.0,4.21,11
2016,Kalimantan Barat,4861.7,1.63,1.88,33,50.93228656,49.06771344,38.19,61.81,98.39,92.12,67.16,24.75,5.2,33191.0,4.23,12
2016,Kalimantan Selatan,4055.5,1.81,1.57,105,50.69033531,49.30966469,37.81,62.19,99.48,92.21,67.91,21.89,4.4,36023.0,5.45,13
2016,Kalimantan Tengah,2550.2,2.33,0.99,17,52.24450812,47.75549188,41.35,58.65,99.49,93.25,66.12,22.72,6.35,43905.0,4.82,14
2016,Kalimantan Timur,3501.2,2.58,1.35,27,52.44888255,47.55111745,55.25,44.75,99.54,98.18,80.81,28.88,-0.38,145343.0,7.95,15
2016,Kalimantan Utara,666.3,1.5859139784946235,0.26,9,53.05164319,46.94835681,56.98,43.02,98.45,93.79,74.72,19.07,3.55,99112.0,5.23,16
2016,Kepulauan Bangka Belitung,1401.8,2.2,0.54,85,51.96926033,48.03073967,44.43,55.57,99.25,92.03,66.35,13.81,4.1,46402.0,2.6,17
2016,Kepulauan Riau,2028.2,3.06,0.78,247,51.05237396,48.94762604,66.2,33.8,99.33,98.78,82.04,18.58,4.98,106504.0,7.69,18
2016,Lampung,8205.1,1.21,3.17,237,51.26705653,48.73294347,29.9,70.1,99.63,94.32,69.31,19.72,5.14,34054.0,4.62,19
2016,Maluku,1715.5,1.79,0.66,37,50.42141795,49.57858205,35.76,64.24,99.39,96.6,78.19,37.51,5.73,21599.0,7.05,20
2016,Maluku Utara,1185.9,2.16,0.46,37,51.02840353,48.97159647,35.97,64.03,99.14,96.9,75.58,31.75,5.77,24581.0,4.01,21
2016,Nusa Tenggara Barat,4896.2,1.36,1.89,264,48.53319609,51.46680391,26.89,73.11,99.42,97.6,76.24,27.79,5.81,23787.0,3.94,22
2016,Nusa Tenggara Timur,5203.5,1.69,2.01,107,49.54591322,50.45408678,25.2,74.8,98.24,94.6,74.56,26.75,5.12,16094.0,3.25,23
2016,Papua,3207.4,1.95,1.24,10,52.69631031,47.30368969,21.63,78.37,81.11,78.86,62.07,23.75,9.14,54002.0,3.35,24
2016,Papua Barat,893.4,2.61,0.35,9,52.67392333,47.32607667,40.57,59.43,96.85,96.86,80.28,31.45,4.52,74585.0,7.46,25
2016,Riau,6501.0,2.59,2.51,75,51.33819951,48.66180049,46.37,53.63,98.87,94.62,75.68,26.18,2.18,104861.0,7.43,26
2016,Sulawesi Barat,1306.5,1.93,0.51,78,50.17438964,49.82561036,29.85,70.15,98.08,89.93,67.34,22.36,6.01,27513.0,3.33,27
2016,Sulawesi Selatan,8606.4,1.1,3.33,184,48.84910486,51.15089514,35.11,64.89,99.12,92.85,70.09,31.48,7.42,43817.0,4.8,28
2016,Sulawesi Tengah,2921.7,1.67,1.13,47,51.07632094,48.92367906,33.55,66.45,98.0,92.08,73.96,25.57,9.94,41082.0,3.29,29
2016,Sulawesi Tenggara,2551.0,2.16,0.99,67,50.27349577,49.72650423,31.47,68.53,99.28,93.94,72.67,29.31,6.51,38022.0,2.72,30
2016,Sulawesi Utara,2436.9,1.13,0.94,176,51.02840353,48.97159647,38.68,61.32,99.36,94.89,72.57,22.82,6.16,41246.0,6.18,31
2016,Sumatera Barat,5259.5,1.31,2.03,125,49.77398292,50.22601708,38.2,61.8,99.43,96.17,82.62,34.71,5.27,37285.0,5.09,32
2016,Sumatera Selatan,8160.9,1.46,3.15,89,50.81160846,49.18839154,39.29,60.71,99.61,93.68,68.67,18.07,5.04,43361.0,4.31,33
2016,Sumatera Utara,14102.9,1.33,5.45,193,49.8997996,50.1002004,40.02,59.98,99.42,96.48,76.43,26.62,5.18,44392.0,5.84,34
2017,Aceh,5189.5,1.98,1.98,90,49.94994995,50.05005005,40.42,59.58,99.85,98.09,82.15,34.28,4.18,28097.0,6.57,0
2017,Bali,4246.5,1.2,1.62,735,50.34756703,49.65243297,50.2,49.8,99.44,97.72,82.16,26.56,5.56,50167.0,1.48,1
2017,Banten,12448.2,2.2,4.75,1288,50.95635115,49.04364885,58.07,41.93,99.31,95.67,67.77,21.33,5.75,45276.0,9.28,2
2017,Bengkulu,1934.3,1.67,0.74,97,50.98039216,49.01960784,33.61,66.39,99.8,97.2,79.07,29.9,4.98,31359.0,3.74,3
2017,DI Yogyakarta,3762.2,1.17,1.44,1201,49.469429,50.530571,43.45,56.55,99.87,99.63,87.61,51.33,5.26,31665.0,3.02,4
2017,DKI Jakarta,10374.2,1.05,3.96,15624,50.14955135,49.85044865,71.55,28.45,99.67,97.64,71.5,24.6,6.2,228003.0,7.14,5
2017,Gorontalo,1168.2,1.61,0.45,104,50.0998004,49.9001996,39.49,60.51,98.76,91.23,69.86,29.21,6.73,29565.0,4.28,6
2017,Indonesia,261890.9,1.34,100.0,137,50.24875622,49.75124378,42.97,57.03,99.14,95.08,71.42,24.77,5.07,56923.04,5.5,7
2017,Jambi,3515.0,1.78,1.34,70,51.02840353,48.97159647,41.47,58.53,99.59,95.89,71.54,24.12,4.6,53993.0,3.87,8
2017,Jawa Barat,48037.6,1.52,18.34,1358,50.66600888,49.33399112,50.22,49.78,99.51,93.77,66.62,21.5,5.33,37223.0,8.22,9
2017,Jawa Tengah,34257.9,0.78,13.08,1044,49.59677419,50.40322581,39.71,60.29,99.62,95.48,68.48,22.13,5.26,34234.0,4.57,10
2017,Jawa Timur,39293.0,0.64,15.0,822,49.36708861,50.63291139,38.65,61.35,99.57,96.77,71.51,23.34,5.46,51228.0,4.0,11
2017,Kalimantan Barat,4932.5,1.61,1.88,33,50.90819833,49.09180167,38.57,61.43,98.44,92.51,67.53,25.8,5.17,35985.0,4.36,12
2017,Kalimantan Selatan,4119.8,1.77,1.57,106,50.71463775,49.28536225,38.98,61.02,99.55,92.33,68.3,23.53,5.28,38620.0,4.77,13
2017,Kalimantan Tengah,2605.3,2.31,0.99,17,52.2673031,47.7326969,45.67,54.33,99.5,93.37,66.62,24.15,6.73,48293.0,4.23,14
2017,Kalimantan Timur,3575.4,2.31,1.37,28,52.4262607,47.5737393,59.96,40.04,99.67,98.79,81.32,30.04,3.13,165547.0,6.91,15
2017,Kalimantan Utara,691.1,3.9,0.26,9,53.05164319,46.94835681,57.76,42.24,98.34,96.04,75.12,20.72,6.8,111319.0,5.54,16
2017,Kepulauan Bangka Belitung,1430.9,2.18,0.55,87,51.99231877,48.00768123,51.62,48.38,99.64,92.41,66.99,14.99,4.47,48827.0,3.78,17
2017,Kepulauan Riau,2082.7,3.01,0.8,254,51.02840353,48.97159647,68.51,31.49,99.32,99.08,82.8,19.13,1.98,109333.0,7.16,18
2017,Lampung,8289.6,1.18,3.17,239,51.24329595,48.75670405,29.71,70.29,99.78,94.76,70.03,20.96,5.16,36998.0,4.33,19
2017,Maluku,1744.7,1.78,0.67,37,50.42141795,49.57858205,37.18,62.82,99.72,96.86,79.08,38.2,5.82,22859.0,9.29,20
2017,Maluku Utara,1209.3,2.13,0.46,38,51.0044096,48.9955904,38.05,61.95,99.19,97.24,76.06,32.1,7.67,26686.0,5.33,21
2017,Nusa Tenggara Barat,4955.6,1.34,1.89,267,48.53319609,51.46680391,26.38,73.62,99.43,97.69,76.61,28.52,0.09,24987.0,3.32,22
2017,Nusa Tenggara Timur,5287.3,1.68,2.02,109,49.54591322,50.45408678,24.14,75.86,98.27,94.76,74.65,27.8,5.11,17165.0,3.27,23
2017,Papua,3265.2,1.93,1.25,10,52.62908574,47.37091426,21.81,78.19,81.8,79.09,63.35,24.57,4.64,57864.0,3.62,24
2017,Papua Barat,915.4,2.59,0.35,9,52.65151515,47.34848485,40.9,59.1,97.27,96.92,80.6,31.92,4.02,78424.0,6.49,25
2017,Riau,6657.9,2.57,2.54,77,51.31450828,48.68549172,47.3,52.7,98.98,94.73,76.52,27.28,2.66,105845.0,6.22,26
2017,Sulawesi Barat,1331.0,1.93,0.51,79,50.17438964,49.82561036,31.58,68.42,98.1,89.88,68.03,23.49,6.39,29676.0,3.21,27
2017,Sulawesi Selatan,8690.3,1.08,3.32,186,48.84910486,51.15089514,37.63,62.37,99.16,93.09,70.6,32.16,7.21,47822.0,5.61,28
2017,Sulawesi Tengah,2966.3,1.65,1.13,48,51.05237396,48.94762604,31.94,68.06,98.15,92.41,74.87,26.31,7.1,45157.0,3.81,29
2017,Sulawesi Tenggara,2602.4,2.14,0.99,68,50.27349577,49.72650423,36.29,63.71,99.32,94.08,72.94,30.03,6.76,41279.0,3.3,30
2017,Sulawesi Utara,2461.0,1.11,0.94,178,51.02840353,48.97159647,44.54,55.46,99.37,94.91,73.04,24.22,6.31,44744.0,7.18,31
2017,Sumatera Barat,5321.5,1.29,2.03,127,49.79919679,50.20080321,35.61,64.39,99.5,96.29,82.86,35.45,5.3,40194.0,5.58,32
2017,Sumatera Selatan,8267.0,1.44,3.16,90,50.81160846,49.18839154,37.6,62.4,99.63,94.01,69.05,19.17,5.51,46315.0,4.39,33
2017,Sumatera Utara,14262.1,1.3,5.45,195,49.8997996,50.1002004,42.0,58.0,99.49,96.6,76.76,26.8,5.12,48004.0,5.6,34
2018,Aceh,5281.3,1.96,1.99,91,49.94994995,50.05005005,40.56,59.44,99.86,98.49,82.92,32.59,4.61,29521.0,6.34,0
2018,Bali,4292.2,1.18,1.62,743,50.34756703,49.65243297,50.62,49.38,99.56,97.92,82.35,27.24,6.31,54433.0,1.4,1
2018,Banten,12689.7,2.17,4.79,1313,50.95635115,49.04364885,56.01,43.99,99.39,95.79,68.35,20.42,5.77,48370.0,8.47,2
2018,Bengkulu,1963.3,1.65,0.74,99,50.95635115,49.04364885,31.16,68.84,99.87,97.36,79.33,29.15,4.97,33822.0,3.35,3
2018,DI Yogyakarta,3802.9,1.16,1.43,1214,49.469429,50.530571,45.55,54.45,99.9,99.72,88.39,51.69,6.2,34137.0,3.37,4
2018,DKI Jakarta,10467.6,1.03,3.95,15764,50.0998004,49.9001996,69.85,30.15,99.77,97.77,71.81,24.41,6.11,247678.0,6.65,5
2018,Gorontalo,1185.5,1.59,0.45,105,50.0998004,49.9001996,38.22,61.78,98.76,91.38,70.75,30.58,6.49,31828.0,3.7,6
2018,Indonesia,265015.3,1.33,100.0,138,50.24875622,49.75124378,43.02,56.98,99.22,95.36,71.99,24.4,5.17,59301.44,5.3,7
2018,Jambi,3570.3,1.75,1.35,71,51.0044096,48.9955904,43.55,56.45,99.67,96.14,71.94,22.16,4.69,58225.0,3.73,8
2018,Jawa Barat,48683.7,1.5,18.37,1376,50.64165844,49.35834156,51.79,48.21,99.52,94.15,67.17,21.96,5.65,40273.0,8.23,9
2018,Jawa Tengah,34490.8,0.77,13.01,1052,49.57135653,50.42864347,39.33,60.67,99.76,95.79,69.02,21.92,5.3,36771.0,4.47,10
2018,Jawa Timur,39500.9,0.63,14.91,826,49.36708861,50.63291139,38.12,61.88,99.62,97.02,72.18,22.86,5.47,55411.0,3.91,11
2018,Kalimantan Barat,5001.7,1.58,1.89,34,50.88408644,49.11591356,40.45,59.55,98.43,92.84,68.35,23.86,5.07,38815.0,4.18,12
2018,Kalimantan Selatan,4182.7,1.74,1.58,108,50.73891626,49.26108374,39.92,60.08,99.64,92.43,68.66,23.82,5.08,41046.0,4.35,13
2018,Kalimantan Tengah,2660.2,2.28,1.0,17,52.29007634,47.70992366,47.63,52.37,99.66,93.87,66.95,24.27,5.61,52107.0,3.91,14
2018,Kalimantan Timur,3648.8,2.28,1.38,28,52.4262607,47.5737393,58.84,41.16,99.76,98.89,81.55,29.84,2.64,174165.0,6.41,15
2018,Kalimantan Utara,716.4,3.87,0.27,9,53.05164319,46.94835681,57.05,42.95,98.24,96.38,75.62,23.04,5.36,119414.0,5.11,16
2018,Kepulauan Bangka Belitung,1459.9,2.16,0.55,89,52.01535509,47.98464491,49.57,50.43,99.85,92.7,67.11,15.99,4.45,50082.0,3.61,17
2018,Kepulauan Riau,2136.5,2.95,0.81,260,50.98039216,49.01960784,68.22,31.78,99.52,99.2,83.78,18.24,4.47,116461.0,8.04,18
2018,Lampung,8370.5,1.16,3.16,242,51.2195122,48.7804878,29.21,70.79,99.86,95.0,70.83,20.6,5.23,39716.0,4.04,19
2018,Maluku,1773.8,1.77,0.67,38,50.42141795,49.57858205,35.63,64.37,99.71,97.05,79.12,37.82,5.91,24269.0,6.95,20
2018,Maluku Utara,1232.6,2.11,0.47,39,51.0044096,48.9955904,33.08,66.92,99.08,97.47,76.36,31.36,7.86,29586.0,4.63,21
2018,Nusa Tenggara Barat,5013.7,1.32,1.89,270,48.53319609,51.46680391,28.19,71.81,99.43,97.72,76.89,25.74,-4.5,24706.0,3.58,22
2018,Nusa Tenggara Timur,5371.5,1.67,2.03,110,49.52044422,50.47955578,24.35,75.65,98.28,94.95,74.83,28.27,5.11,18418.0,2.85,23
2018,Papua,3322.5,1.9,1.25,10,52.58416311,47.41583689,21.89,78.11,82.43,80.0,63.48,23.37,7.32,63386.0,3.0,24
2018,Papua Barat,937.5,2.57,0.35,9,52.62908574,47.37091426,45.7,54.3,97.31,97.08,80.81,30.84,6.25,84958.0,6.45,25
2018,Riau,6814.9,2.54,2.57,78,51.29079396,48.70920604,45.05,54.95,99.07,94.95,77.27,27.19,2.35,110385.0,5.98,26
2018,Sulawesi Barat,1355.6,1.92,0.51,81,50.19920319,49.80079681,25.31,74.69,98.25,89.95,68.69,24.1,6.26,32059.0,3.01,27
2018,Sulawesi Selatan,8772.0,1.06,3.31,188,48.87525562,51.12474438,36.68,63.32,99.25,93.13,70.81,33.72,7.04,52642.0,4.94,28
2018,Sulawesi Tengah,3010.4,1.63,1.14,49,51.02840353,48.97159647,33.34,66.66,98.24,92.74,75.05,27.15,20.6,55519.0,3.37,29
2018,Sulawesi Tenggara,2653.7,2.12,1.0,70,50.29821074,49.70178926,36.91,63.09,99.28,94.29,73.47,30.01,6.4,44492.0,3.19,30
2018,Sulawesi Utara,2484.4,1.09,0.94,179,51.02840353,48.97159647,44.39,55.61,99.36,95.0,73.67,21.45,6.0,48105.0,6.61,31
2018,Sumatera Barat,5382.1,1.27,2.03,128,49.82438535,50.17561465,36.06,63.94,99.51,96.37,83.08,33.87,5.14,42803.0,5.66,32
2018,Sumatera Selatan,8370.3,1.41,3.16,91,50.81160846,49.18839154,38.78,61.22,99.71,94.41,69.65,17.15,6.01,50105.0,4.27,33
2018,Sumatera Utara,14415.4,1.27,5.44,198,49.8997996,50.1002004,43.43,56.57,99.5,96.75,77.41,25.31,5.18,51427.0,5.55,34
2019,Aceh,5371.5,1.93,2.0,93,49.97498749,50.02501251,42.88,57.12,99.75,98.52,83.26,32.54,4.14,30879.0,6.17,0
2019,Bali,4336.9,1.17,1.62,750,50.37220844,49.62779156,50.54,49.46,99.74,97.72,82.83,27.86,5.6,57756.0,1.57,1
2019,Banten,12927.3,2.14,4.82,1338,50.93228656,49.06771344,57.86,42.14,99.44,95.79,68.72,21.43,5.26,52014.0,8.11,2
2019,Bengkulu,1991.8,1.63,0.74,100,50.95635115,49.04364885,34.88,65.12,99.77,97.18,79.39,30.71,4.94,36565.0,3.26,3
2019,DI Yogyakarta,3842.9,1.15,1.43,1227,49.49494949,50.50505051,48.36,51.64,99.9,99.56,88.97,51.85,6.59,36460.0,3.18,4
2019,DKI Jakarta,10557.8,1.02,3.94,15900,50.04995005,49.95004995,68.65,31.35,99.63,98.33,72.01,24.52,5.82,268052.0,6.54,5
2019,Gorontalo,1202.6,1.58,0.45,107,50.0998004,49.9001996,41.34,58.66,98.96,91.64,71.44,30.97,6.4,34977.0,3.76,6
2019,Indonesia,268074.6,1.31,100.0,140,50.22399204,49.77600796,44.12,55.88,99.24,95.51,72.36,25.21,5.02,61679.84,5.23,7
2019,Jambi,3624.6,1.72,1.35,72,51.0044096,48.9955904,42.94,57.06,99.7,96.42,71.97,23.32,4.35,60829.0,4.06,8
2019,Jawa Barat,49316.7,1.48,18.4,1394,50.61728395,49.38271605,49.8,50.2,99.53,94.18,67.29,22.71,5.02,43309.0,8.04,9
2019,Jawa Tengah,34718.2,0.76,12.95,1058,49.57135653,50.42864347,42.01,57.99,99.77,96.11,69.65,22.41,5.36,39388.0,4.44,10
2019,Jawa Timur,39698.6,0.62,14.81,831,49.36708861,50.63291139,39.36,60.64,99.65,97.43,72.74,24.8,5.53,59015.0,3.82,11
2019,Kalimantan Barat,5069.1,1.56,1.89,34,50.85995086,49.14004914,39.89,60.11,98.52,92.85,68.37,23.69,5.09,42045.0,4.35,12
2019,Kalimantan Selatan,4244.1,1.71,1.58,110,50.73891626,49.26108374,43.18,56.82,99.53,92.83,69.19,24.34,4.09,42824.0,4.18,13
2019,Kalimantan Tengah,2714.9,2.26,1.01,18,52.31282785,47.68717215,48.98,51.02,99.66,94.09,66.95,23.98,6.12,56625.0,4.04,14
2019,Kalimantan Timur,3721.4,2.24,1.39,29,52.4262607,47.5737393,58.24,41.76,99.68,98.83,81.81,29.89,4.7,180259.0,5.94,15
2019,Kalimantan Utara,742.2,3.84,0.28,10,53.0075188,46.9924812,53.31,46.69,98.82,96.5,76.06,23.11,6.89,138751.0,4.49,16
2019,Kepulauan Bangka Belitung,1488.8,2.14,0.56,91,52.01535509,47.98464491,53.18,46.82,99.76,92.87,67.79,17.01,3.32,52233.0,3.58,17
2019,Kepulauan Riau,2189.7,2.9,0.82,267,50.95635115,49.04364885,70.43,29.57,99.48,98.5,84.04,18.98,4.83,119395.0,7.5,18
2019,Lampung,8447.7,1.13,3.15,244,51.19570522,48.80429478,31.51,68.49,99.8,94.89,71.05,20.69,5.26,42172.0,4.03,19
2019,Maluku,1802.9,1.75,0.67,38,50.3968254,49.6031746,38.02,61.98,99.61,97.29,79.65,38.58,5.41,26097.0,6.69,20
2019,Maluku Utara,1255.8,2.08,0.47,39,50.98039216,49.01960784,38.31,61.69,98.97,96.97,76.41,31.23,6.25,32125.0,4.81,21
2019,Nusa Tenggara Barat,5070.4,1.29,1.89,273,48.55967078,51.44032922,28.98,71.02,99.46,97.92,77.51,25.59,3.9,25716.0,3.28,22
2019,Nusa Tenggara Timur,5456.2,1.66,2.04,112,49.52044422,50.47955578,27.74,72.26,98.47,95.11,75.36,29.27,5.25,19630.0,3.14,23
2019,Papua,3379.3,1.88,1.26,11,52.51661918,47.48338082,20.71,79.29,82.67,80.13,63.5,22.91,-15.74,56619.0,3.51,24
2019,Papua Barat,959.6,2.55,0.36,9,52.60663507,47.39336493,47.75,52.25,97.68,96.58,81.49,31.48,2.66,87542.0,6.43,25
2019,Riau,6971.7,2.52,2.6,80,51.26705653,48.73294347,47.78,52.22,99.36,95.37,77.29,28.16,2.81,111227.0,5.76,26
2019,Sulawesi Barat,1380.3,1.91,0.51,82,50.19920319,49.80079681,28.09,71.91,98.34,89.92,69.31,23.64,5.56,34112.0,2.98,27
2019,Sulawesi Selatan,8851.2,1.05,3.3,189,48.87525562,51.12474438,39.45,60.55,99.23,93.22,70.85,34.44,6.91,57182.0,4.62,28
2019,Sulawesi Tengah,3054.0,1.61,1.14,49,51.02840353,48.97159647,37.03,62.97,98.4,93.01,75.73,27.39,8.83,61056.0,3.11,29
2019,Sulawesi Tenggara,2704.7,2.1,1.01,71,50.29821074,49.70178926,37.45,62.55,99.13,94.78,74.03,31.27,6.5,48514.0,3.52,30
2019,Sulawesi Utara,2507.0,1.07,0.94,181,51.0044096,48.9955904,45.19,54.81,99.39,95.18,74.04,22.55,5.65,52173.0,6.01,31
2019,Sumatera Barat,5441.2,1.25,2.03,130,49.84954865,50.15045135,37.87,62.13,99.52,96.23,83.63,35.66,5.01,44886.0,5.38,32
2019,Sumatera Selatan,8470.7,1.39,3.16,92,50.81160846,49.18839154,39.48,60.52,99.71,94.51,70.29,18.07,5.69,53359.0,4.53,33
2019,Sumatera Utara,14562.5,1.24,5.43,200,49.8997996,50.1002004,45.0,55.0,99.41,96.89,77.67,25.75,5.22,54620.0,5.39,34
2020,Aceh,5274.9,1.56,1.95,91,50.19920319,49.80079681,38.12,61.88,99.84,98.49,83.27,32.5,-0.37,31633.0,6.59,0
2020,Bali,4317.4,1.01,1.6,747,50.29821074,49.70178926,43.31,56.69,99.57,98.21,82.96,28.67,-9.34,52015.0,5.63,1
2020,Banten,11904.6,1.1,4.41,1232,50.98039216,49.01960784,50.83,49.17,99.4,95.77,68.76,21.6,-3.39,52729.0,10.64,2
2020,Bengkulu,2010.7,1.55,0.74,101,51.171875,48.828125,30.77,69.23,99.78,97.49,79.72,29.99,-0.02,36552.0,4.07,3
2020,DI Yogyakarta,3668.7,0.58,1.36,1171,49.54591322,50.45408678,42.59,57.41,99.89,99.45,88.95,51.81,-2.67,37694.0,4.57,4
2020,DKI Jakarta,10562.1,0.92,3.91,15907,50.51954478,49.48045522,61.78,38.22,99.64,98.34,72.11,25.01,-2.39,262615.0,10.95,5
2020,Gorontalo,1171.7,1.16,0.43,104,50.47052997,49.52947003,37.88,62.12,98.92,91.8,71.43,31.04,-0.02,35693.0,4.28,6
2020,Indonesia,270203.9,1.25,100.0,141,50.56846268,49.43153732,39.53,60.47,99.26,95.74,72.72,25.56,-2.07,59935.68,7.07,7
2020,Jambi,3548.2,1.34,1.31,71,51.0044096,48.9955904,37.26,62.74,99.82,96.41,72.37,23.75,-0.51,57958.0,5.13,8
2020,Jawa Barat,48274.2,1.11,17.87,1365,50.76317085,49.23682915,44.41,55.59,99.66,94.45,67.74,22.84,-2.52,43237.0,10.46,9
2020,Jawa Tengah,36516.0,1.17,13.51,1113,50.27349577,49.72650423,37.25,62.75,99.73,96.37,70.14,22.41,-2.65,36965.0,6.48,10
2020,Jawa Timur,40665.7,0.79,15.05,851,49.8997996,50.1002004,36.36,63.64,99.54,97.68,73.05,25.81,-2.33,56641.0,5.84,11
2020,Kalimantan Barat,5414.4,2.04,2.0,37,51.40913508,48.59086492,36.99,63.01,98.6,92.9,68.96,24.05,-1.82,39622.0,5.81,12
2020,Kalimantan Selatan,4073.6,1.13,1.51,105,50.61728395,49.38271605,39.18,60.82,99.48,93.04,69.38,24.63,-1.82,44101.0,4.74,13
2020,Kalimantan Tengah,2670.0,1.84,0.99,17,51.8999519,48.1000481,44.2,55.8,99.49,94.86,66.92,24.26,-1.41,57145.0,4.58,14
2020,Kalimantan Timur,3766.0,2.13,1.39,29,52.08433158,47.91566842,52.86,47.14,99.73,99.07,81.88,29.71,-2.9,161799.0,6.87,15
2020,Kalimantan Utara,701.8,2.86,0.26,9,52.80792827,47.19207173,49.07,50.93,98.94,96.52,76.08,23.82,-1.09,143533.0,4.97,16
2020,Kepulauan Bangka Belitung,1455.7,1.7,0.54,89,51.47986414,48.52013586,47.07,52.93,99.7,93.34,67.75,17.47,-2.29,52023.0,5.25,17
2020,Kepulauan Riau,2064.6,2.02,0.76,252,51.02840353,48.97159647,64.59,35.41,99.55,98.82,84.62,19.71,-3.8,123465.0,10.34,18
2020,Lampung,9007.8,1.65,3.33,260,51.24329595,48.75670405,27.74,72.26,99.74,95.24,71.34,21.04,-1.66,39290.0,4.67,19
2020,Maluku,1848.9,1.83,0.68,39,50.64165844,49.35834156,33.44,66.56,99.5,97.43,79.87,38.59,-0.91,25094.0,7.57,20
2020,Maluku Utara,1282.9,2.07,0.47,40,51.24329595,48.75670405,33.87,66.13,99.04,97.15,76.83,31.36,5.39,33069.0,5.15,21
2020,Nusa Tenggara Barat,5320.1,1.63,1.97,286,49.92488733,50.07511267,26.53,73.47,99.52,98.32,77.64,25.97,-0.62,25184.0,4.22,22
2020,Nusa Tenggara Timur,5325.6,1.25,1.97,109,50.02498751,49.97501249,23.9,76.1,98.57,95.25,75.52,29.52,-0.84,20057.0,4.28,23
2020,Papua,4303.7,4.13,1.59,13,53.3146592,46.6853408,20.08,79.92,82.99,80.48,64.83,23.23,2.39,46416.0,4.28,24
2020,Papua Barat,1134.1,3.94,0.42,11,52.65151515,47.34848485,42.02,57.98,97.89,96.87,81.51,31.52,-0.76,73933.0,6.8,25
2020,Riau,6394.1,1.4,2.37,73,51.24329595,48.75670405,44.03,55.97,99.53,95.53,77.42,28.35,-1.13,114167.0,6.32,26
2020,Sulawesi Barat,1419.2,1.98,0.53,85,50.73891626,49.26108374,27.37,72.63,98.33,90.07,69.84,23.24,-2.34,32837.0,3.32,27
2020,Sulawesi Selatan,9073.5,1.18,3.36,194,49.64753273,50.35246727,35.78,64.22,99.25,93.34,70.89,34.51,-0.71,55675.0,6.31,28
2020,Sulawesi Tengah,2985.7,1.22,1.1,48,51.40913508,48.59086492,32.63,67.37,98.38,93.13,75.89,27.58,4.86,66306.0,3.77,29
2020,Sulawesi Tenggara,2624.9,1.58,0.97,69,50.69033531,49.30966469,35.41,64.59,99.1,94.98,74.5,31.76,-0.65,49718.0,4.58,30
2020,Sulawesi Utara,2621.9,1.4,0.97,189,51.171875,48.828125,39.54,60.46,99.59,95.27,74.12,23.18,-0.99,50521.0,7.37,31
2020,Sumatera Barat,5534.5,1.29,2.05,132,50.34756703,49.65243297,33.72,66.28,99.61,96.6,83.68,35.96,-1.61,43826.0,6.88,32
2020,Sumatera Selatan,8467.4,1.25,3.13,92,51.02840353,48.97159647,34.74,65.26,99.71,94.61,70.91,18.45,-0.11,53843.0,5.51,33
2020,Sumatera Utara,14799.4,1.28,5.48,203,50.14955135,49.85044865,40.38,59.62,99.44,97.04,78.21,26.98,-1.07,54979.0,6.91,34
2021,Aceh,5333.7,1.49,1.96,92,50.19920319,49.80079681,39.31,60.69,99.67,98.42,83.28,32.61,2.81,34674.0,6.3,0
2021,Bali,4362.7,1.4,1.6,755,50.27349577,49.72650423,42.9,57.1,99.7,98.22,83.96,28.95,-2.46,50758.0,5.37,1
2021,Banten,12061.5,1.76,4.42,1248,50.95635115,49.04364885,51.13,48.87,99.45,96.77,68.94,21.59,4.49,55383.0,8.98,2
2021,Bengkulu,2032.9,1.48,0.75,102,51.14802149,48.85197851,31.84,68.16,99.76,97.49,79.75,30.46,3.27,39167.0,3.65,3
2021,DI Yogyakarta,3712.9,1.61,1.36,1185,49.52044422,50.47955578,44.64,55.36,99.7,99.43,89.63,51.41,5.58,40516.0,4.56,4
2021,DKI Jakarta,10609.7,0.6,3.89,15978,50.42141795,49.57858205,61.74,38.26,99.53,98.68,72.32,24.92,3.55,274660.0,8.5,5
2021,Gorontalo,1181.0,1.06,0.43,105,50.44598612,49.55401388,37.61,62.39,99.02,92.05,71.3,31.66,2.4,37087.0,3.01,6
2021,Indonesia,272682.5,1.22,100.0,142,50.56846268,49.43153732,40.55,59.45,99.19,95.99,73.09,26.01,3.7,61679.84,6.49,7
2021,Jambi,3585.1,1.39,1.31,72,50.98039216,49.01960784,37.99,62.01,99.66,96.39,72.5,24.14,3.7,64771.0,5.09,8
2021,Jawa Barat,48782.4,1.41,17.89,1379,50.76317085,49.23682915,45.39,54.61,99.5,95.09,67.8,23.51,3.74,45234.0,9.82,9
2021,Jawa Tengah,36742.5,0.83,13.47,1120,50.27349577,49.72650423,39.62,60.38,99.66,96.84,70.79,23.55,3.33,38568.0,5.95,10
2021,Jawa Timur,40878.8,0.7,14.99,855,49.8997996,50.1002004,37.36,62.64,99.4,97.76,74.14,26.27,3.56,59988.0,5.74,11
2021,Kalimantan Barat,5470.8,1.39,2.01,37,51.38551288,48.61448712,39.13,60.87,98.64,93.14,69.38,24.57,4.8,42253.0,5.82,12
2021,Kalimantan Selatan,4122.6,1.61,1.51,106,50.61728395,49.38271605,40.37,59.63,99.38,93.5,69.31,24.7,3.48,48066.0,4.95,13
2021,Kalimantan Tengah,2702.2,1.61,0.99,18,51.87680462,48.12319538,44.5,55.5,99.55,95.21,66.7,24.47,3.59,62834.0,4.53,14
2021,Kalimantan Timur,3808.2,1.5,1.4,30,52.01535509,47.98464491,53.51,46.49,99.6,98.9,82.01,29.86,2.55,183158.0,6.83,15
2021,Kalimantan Utara,713.6,2.25,0.26,9,52.74102079,47.25897921,49.26,50.74,98.67,96.51,76.5,25.02,3.99,157092.0,4.58,16
2021,Kepulauan Bangka Belitung,1473.2,1.6,0.54,90,51.43273434,48.56726566,49.07,50.93,99.47,93.17,68.15,18.02,5.05,58406.0,5.03,17
2021,Kepulauan Riau,2118.2,3.48,0.78,258,51.02840353,48.97159647,64.8,35.2,99.62,98.85,84.4,19.83,3.43,131884.0,9.91,18
2021,Lampung,9081.8,1.1,3.33,262,51.2195122,48.7804878,28.69,71.31,99.53,95.58,71.72,21.17,2.77,40807.0,4.69,19
2021,Maluku,1862.6,0.99,0.68,40,50.64165844,49.35834156,35.59,64.41,99.52,97.65,79.68,39.03,3.63,26153.0,6.93,20
2021,Maluku Utara,1299.2,1.69,0.48,41,51.2195122,48.7804878,36.44,63.56,98.84,97.0,77.01,31.23,16.79,40381.0,4.71,21
2021,Nusa Tenggara Barat,5390.0,1.76,1.98,290,50.0,50.0,26.11,73.89,99.52,98.34,77.49,26.22,2.3,26009.0,3.01,22
2021,Nusa Tenggara Timur,5387.7,1.56,1.98,111,50.0,50.0,24.03,75.97,98.42,95.32,75.77,30.54,2.52,20555.0,3.77,23
2021,Papua,4355.4,1.61,1.6,14,53.24918186,46.75081814,19.53,80.47,83.43,80.02,63.98,22.9,15.16,54051.0,3.33,24
2021,Papua Barat,1156.8,2.69,0.42,11,52.65151515,47.34848485,42.08,57.92,98.08,96.85,81.21,30.92,-0.51,74022.0,5.84,25
2021,Riau,6493.6,2.08,2.38,75,51.19570522,48.80429478,45.43,54.57,99.65,95.66,77.81,28.79,3.36,129741.0,4.42,26
2021,Sulawesi Barat,1436.8,1.66,0.53,86,50.73891626,49.26108374,27.2,72.8,98.19,90.12,71.22,23.8,2.57,35195.0,3.13,27
2021,Sulawesi Selatan,9139.5,0.97,3.35,196,49.64753273,50.35246727,36.76,63.24,99.29,93.55,71.21,35.08,4.64,59503.0,5.72,28
2021,Sulawesi Tengah,3021.9,1.62,1.11,49,51.33819951,48.66180049,32.68,67.32,98.5,93.32,76.32,28.22,11.68,82017.0,3.75,29
2021,Sulawesi Tenggara,2659.2,1.75,0.98,70,50.64165844,49.35834156,37.19,62.81,99.16,95.06,75.02,31.97,4.1,52436.0,3.92,30
2021,Sulawesi Utara,2638.6,0.85,0.97,190,51.14802149,48.85197851,39.3,60.7,99.37,95.41,73.86,23.67,4.16,54034.0,7.06,31
2021,Sumatera Barat,5580.2,1.1,2.05,133,50.37220844,49.62779156,35.23,64.77,99.61,96.63,84.07,36.41,3.29,45218.0,6.52,32
2021,Sumatera Selatan,8550.9,1.32,3.14,93,50.98039216,49.01960784,35.84,64.16,99.65,94.85,71.53,18.81,3.58,57745.0,4.98,33
2021,Sumatera Utara,14936.2,1.23,5.48,205,50.17438964,49.82561036,40.67,59.33,99.32,96.99,78.66,27.05,2.61,57442.0,6.33,34
2022,Aceh,5407.9,1.43,1.96,95,50.22399204,49.77600796,38.55,61.45,99.44,97.96,83.1,31.72,4.21,38900.0,6.17,0
2022,Bali,4415.1,1.29,1.6,790,50.27349577,49.72650423,46.57,53.43,99.55,97.85,83.84,30.18,4.84,56092.0,4.8,1
2022,Banten,12252.0,1.66,4.44,1310,50.93228656,49.06771344,52.04,47.96,99.33,96.39,69.22,22.14,5.03,61414.0,8.09,2
2022,Bengkulu,2060.1,1.4,0.75,102,51.12414467,48.87585533,32.46,67.54,99.49,97.73,79.31,29.42,4.31,43757.0,3.59,3
2022,DI Yogyakarta,3761.9,1.44,1.36,1186,49.49494949,50.50505051,46.62,53.38,99.59,99.01,89.95,50.43,5.15,44637.0,4.06,4
2022,DKI Jakarta,10680.0,0.64,3.87,16158,50.34756703,49.65243297,63.12,36.88,99.44,97.95,72.1,24.89,5.25,299675.0,7.18,5
2022,Gorontalo,1192.7,1.02,0.43,99,50.44598612,49.55401388,35.03,64.97,98.93,91.83,71.68,30.06,4.04,39694.0,2.58,6
2022,Indonesia,275773.8,1.17,100.0,146,50.54401583,49.45598417,40.69,59.31,99.1,95.92,73.15,25.99,5.31,64533.92,5.86,7
2022,Jambi,3631.1,1.33,1.32,74,50.93228656,49.06771344,40.02,59.98,99.33,96.2,72.53,23.35,5.12,76164.0,4.59,8
2022,Jawa Barat,49405.8,1.33,17.92,1334,50.73891626,49.26108374,45.39,54.61,99.39,95.27,68.66,23.99,5.45,49137.0,8.31,9
2022,Jawa Tengah,37032.4,0.81,13.43,1078,50.27349577,49.72650423,39.84,60.16,99.58,96.77,70.82,23.76,5.31,41946.0,5.57,10
2022,Jawa Timur,41150.0,0.68,14.92,857,49.87468672,50.12531328,36.14,63.86,99.14,97.64,73.4,26.21,5.34,66247.0,5.49,11
2022,Kalimantan Barat,5541.4,1.33,2.01,38,51.33819951,48.66180049,41.23,58.77,98.73,92.64,68.72,24.5,5.07,46092.0,5.11,12
2022,Kalimantan Selatan,4182.1,1.51,1.52,113,50.59288538,49.40711462,42.7,57.3,99.43,94.01,69.88,24.52,5.11,60244.0,4.74,13
2022,Kalimantan Tengah,2741.1,1.51,0.99,18,51.83044316,48.16955684,48.5,51.5,99.2,94.61,66.32,24.29,6.45,72989.0,4.26,14
2022,Kalimantan Timur,3859.8,1.41,1.4,30,51.94617972,48.05382028,55.74,44.26,99.57,98.75,81.43,29.33,4.48,238917.0,5.71,15
2022,Kalimantan Utara,727.8,2.1,0.26,10,52.67392333,47.32607667,51.0,49.0,98.98,97.03,76.5,25.62,5.32,192588.0,4.33,16
2022,Kepulauan Bangka Belitung,1494.6,1.52,0.54,90,51.3618677,48.6381323,50.37,49.63,99.41,93.0,68.42,17.68,4.4,63872.0,4.77,17
2022,Kepulauan Riau,2179.8,3.15,0.79,264,51.02840353,48.97159647,63.68,36.32,99.28,99.01,84.54,19.5,5.09,145579.0,8.23,18
2022,Lampung,9176.6,1.07,3.33,273,51.19570522,48.80429478,28.49,71.51,99.56,95.63,71.14,20.72,4.28,44984.0,4.52,19
2022,Maluku,1881.7,1.01,0.68,41,50.61728395,49.38271605,36.7,63.3,99.55,97.69,79.03,40.15,5.31,28526.0,6.88,20
2022,Maluku Utara,1319.3,1.61,0.48,40,51.171875,48.828125,34.37,65.63,99.13,97.59,77.7,30.67,22.94,53776.0,3.98,21
2022,Nusa Tenggara Barat,5473.7,1.64,1.98,278,50.0998004,49.9001996,24.64,75.36,99.17,97.74,77.43,25.64,6.95,28671.0,2.89,22
2022,Nusa Tenggara Timur,5466.3,1.5,1.98,118,50.0,50.0,24.76,75.24,98.59,94.83,75.55,29.36,3.05,21657.0,3.54,23
2022,Papua,4418.6,1.52,1.6,14,53.16159251,46.83840749,15.89,84.11,84.35,81.66,65.93,23.58,8.97,59384.0,2.83,24
2022,Papua Barat,1183.3,2.46,0.43,12,52.62908574,47.37091426,39.72,60.28,98.27,97.37,80.56,30.69,2.01,78133.0,5.37,25
2022,Riau,6614.4,1.95,2.4,74,51.14802149,48.85197851,45.98,54.02,99.61,95.72,77.32,28.65,4.55,151259.0,4.37,26
2022,Sulawesi Barat,1458.6,1.58,0.53,88,50.71463775,49.28536225,22.75,77.25,98.4,89.39,70.85,23.43,2.31,37068.0,2.34,27
2022,Sulawesi Selatan,9225.8,0.96,3.35,204,49.67287368,50.32712632,36.45,63.55,99.43,93.2,70.81,35.07,5.1,65350.0,4.51,28
2022,Sulawesi Tengah,3066.1,1.53,1.11,50,51.26705653,48.73294347,32.13,67.87,98.22,93.02,75.84,27.04,15.22,106068.0,3.0,29
2022,Sulawesi Tenggara,2701.7,1.66,0.98,75,50.59288538,49.40711462,37.61,62.39,99.05,94.8,74.53,31.81,5.53,58715.0,3.36,30
2022,Sulawesi Utara,2659.5,0.82,0.96,183,51.12414467,48.87585533,40.85,59.15,99.34,94.86,74.33,23.43,5.42,59021.0,6.61,31
2022,Sumatera Barat,5640.6,1.09,2.05,134,50.37220844,49.62779156,34.74,65.26,99.55,96.52,83.71,35.41,4.36,50264.0,6.28,32
2022,Sumatera Selatan,8657.0,1.27,3.14,100,50.95635115,49.04364885,36.72,63.28,99.38,95.06,70.93,18.61,5.23,68237.0,4.63,33
2022,Sumatera Utara,15115.2,1.21,5.48,209,50.17438964,49.82561036,40.93,59.07,99.5,96.78,78.66,26.6,4.73,62922.0,6.16,34
2023,Aceh,5482.5,1.41,1.97,96,50.22399204,49.77600796,40.14,59.86,99.43,97.72,83.41,33.1,4.23,41424.0,6.03,0
2023,Bali,4404.3,0.73,1.58,788,50.17438964,49.82561036,47.65,52.35,99.61,97.95,84.73,30.92,5.71,62293.0,2.69,1
2023,Banten,12307.7,1.22,4.42,1316,50.88408644,49.11591356,53.69,46.31,99.43,96.65,69.64,23.72,4.81,66147.0,7.52,2
2023,Bengkulu,2086.0,1.35,0.75,104,51.1002445,48.8997555,32.23,67.77,99.42,97.91,79.57,30.74,4.26,46285.0,3.42,3
2023,DI Yogyakarta,3736.5,0.67,1.34,1178,49.49494949,50.50505051,46.22,53.78,99.63,98.88,91.17,51.6,5.07,48358.0,3.69,4
2023,DKI Jakarta,10672.1,0.38,3.83,16146,50.32290114,49.67709886,63.77,36.23,99.49,98.17,72.5,26.52,4.96,322615.0,6.53,5
2023,Gorontalo,1213.2,1.27,0.44,101,50.42141795,49.57858205,36.27,63.73,98.69,91.85,71.7,33.2,4.5,42347.0,3.06,6
2023,Indonesia,278696.2,1.13,100.0,147,50.51954478,49.48045522,40.89,59.11,99.16,96.1,73.42,26.85,5.05,67388.0,5.32,7
2023,Jambi,3679.2,1.33,1.32,75,50.88408644,49.11591356,40.27,59.73,99.49,96.01,72.46,23.98,4.66,79836.0,4.53,8
2023,Jawa Barat,49860.3,1.18,17.89,1346,50.66600888,49.33399112,44.85,55.15,99.4,95.75,68.58,24.72,5.0,52651.0,7.44,9
2023,Jawa Tengah,37541.0,1.01,13.47,1093,50.24875622,49.75124378,39.61,60.39,99.57,97.08,70.87,24.59,4.98,45199.0,5.13,10
2023,Jawa Timur,41527.9,0.77,14.9,865,49.87468672,50.12531328,36.89,63.11,99.28,97.64,74.07,26.53,4.95,71122.0,4.88,11
2023,Kalimantan Barat,5623.3,1.39,2.02,38,51.33819951,48.66180049,40.31,59.69,98.81,92.92,69.25,25.08,4.46,48809.0,5.05,12
2023,Kalimantan Selatan,4222.3,1.31,1.52,114,50.59288538,49.40711462,44.75,55.25,99.3,94.12,69.95,27.18,4.84,63779.0,4.31,13
2023,Kalimantan Tengah,2773.7,1.4,1.0,18,51.71414775,48.28585225,48.14,51.86,99.13,95.21,66.32,23.27,4.14,75294.0,4.1,14
2023,Kalimantan Timur,3909.7,1.37,1.4,31,51.85363505,48.14636495,55.33,44.67,99.64,98.71,81.5,32.33,6.22,215761.0,5.31,15
2023,Kalimantan Utara,730.0,1.44,0.26,10,52.60663507,47.39336493,48.62,51.38,99.22,96.96,77.03,27.63,4.94,201749.0,4.01,16
2023,Kepulauan Bangka Belitung,1511.9,1.39,0.54,91,51.3618677,48.6381323,48.93,51.07,99.51,93.2,69.53,17.59,4.38,67885.0,4.56,17
2023,Kepulauan Riau,2152.6,1.53,0.77,260,50.88408644,49.11591356,66.33,33.67,99.29,99.07,84.97,20.51,5.2,154179.0,6.8,18
2023,Lampung,9314.0,1.22,3.34,277,51.1002445,48.8997555,29.33,70.67,99.61,95.93,71.74,21.66,4.55,48194.0,4.23,19
2023,Maluku,1920.5,1.39,0.69,42,50.59288538,49.40711462,34.58,65.42,99.59,97.97,79.9,37.41,5.21,30456.0,6.31,20
2023,Maluku Utara,1337.1,1.52,0.48,41,51.24329595,48.75670405,33.92,66.08,99.12,97.51,78.38,28.78,20.49,63677.0,4.31,21
2023,Nusa Tenggara Barat,5560.3,1.62,2.0,283,50.12468828,49.87531172,27.7,72.3,99.46,97.95,77.46,26.42,1.8,29926.0,2.8,22
2023,Nusa Tenggara Timur,5569.1,1.64,2.0,120,50.0,50.0,25.49,74.51,98.62,94.89,75.93,30.68,3.52,23078.0,3.14,23
2023,Papua,4482.7,1.49,1.61,14,53.02959136,46.97040864,15.57,84.43,83.61,80.91,64.15,23.89,4.2,78061.0,2.67,24
2023,Papua Barat,1187.3,1.68,0.43,12,52.40361733,47.59638267,41.45,58.55,98.41,97.42,80.58,31.15,5.18,108101.0,5.38,25
2023,Riau,6642.9,1.4,2.38,74,51.12414467,48.87585533,47.87,52.13,99.65,95.89,78.15,30.07,4.21,154522.0,4.23,26
2023,Sulawesi Barat,1481.1,1.56,0.53,89,50.69033531,49.30966469,26.65,73.35,98.31,89.47,71.57,23.98,5.25,39533.0,2.27,27
2023,Sulawesi Selatan,9362.3,1.15,3.36,207,49.67287368,50.32712632,37.23,62.77,99.49,93.22,71.0,34.47,4.51,69702.0,4.33,28
2023,Sulawesi Tengah,3086.8,1.22,1.11,50,51.31450828,48.68549172,33.9,66.1,98.34,93.13,76.29,27.58,11.91,112461.0,2.95,29
2023,Sulawesi Tenggara,2749.0,1.69,0.99,76,50.66600888,49.33399112,38.16,61.84,99.2,95.0,74.6,31.73,5.35,64088.0,3.15,30
2023,Sulawesi Utara,2681.5,0.82,0.96,185,51.07632094,48.92367906,41.86,58.14,99.34,95.0,74.55,23.57,5.48,64131.0,6.1,31
2023,Sumatera Barat,5757.2,1.45,2.07,137,50.37220844,49.62779156,35.81,64.19,99.76,96.79,84.33,38.08,4.62,54327.0,5.94,32
2023,Sumatera Selatan,8743.5,1.17,3.14,101,50.93228656,49.06771344,37.03,62.97,99.41,95.27,71.71,19.79,5.08,71950.0,4.11,33
2023,Sumatera Utara,15386.6,1.43,5.52,212,50.17438964,49.82561036,41.48,58.52,99.51,96.76,79.25,28.61,5.01,68306.0,5.89,34
